Top queries,Clicks,Impressions,CTR,Position
turuncu ekran,0,7,0%,7.86
komplett weißes bild,0,7,0%,8.86
pantalla blanca,0,5,0%,59.4
black screen,0,4,0%,85
red blank screen,0,3,0%,22
flashlight screen,0,3,0%,36
білий екран,0,2,0%,7
회색화면,0,2,0%,9.5
ring light screen,0,2,0%,20.5
빈 화면,0,2,0%,40
tela preta full screen,0,2,0%,52
dead pixel test,0,2,0%,59
white sreen,0,2,0%,75.5
explain this page,0,1,0%,3
жовтий екран,0,1,0%,3
білий ккран,0,1,0%,4
beyaz ekran kare,0,1,0%,6
röd skärm,0,1,0%,6
tela colorida site,0,1,0%,6
сірий екран,0,1,0%,6
білий нкран,0,1,0%,7
best color for zoom background,0,1,0%,8
mor screen,0,1,0%,8
szary ekran,0,1,0%,9
white wallpaper 1440p,0,1,0%,9
beyaz screen,0,1,0%,10
rosa skärm,0,1,0%,10
schwarzesbild,0,1,0%,10
tela de cores,0,1,0%,10
vit skärm,0,1,0%,11
solid color zoom background,0,1,0%,15
tela branca full screen,0,1,0%,18
ekran flaşı,0,1,0%,22
pink screen,0,1,0%,22
flashlight monitor,0,1,0%,25
pantalla colores,0,1,0%,27
purple screen,0,1,0%,27
zoom background colors,0,1,0%,27
lila screen,0,1,0%,28
blank purple screen,0,1,0%,29
zielony ekran,0,1,0%,30
red screen,0,1,0%,32
monitor dead pixel,0,1,0%,38
full screen countdown timer download for pc,0,1,0%,44
green monitor screen,0,1,0%,47
pomarańczowy ekran,0,1,0%,47
bialy ekran,0,1,0%,48
jasny ekran,0,1,0%,49
white screen 1x1,0,1,0%,49
biały ekran,0,1,0%,51
dead pixels in monitor,0,1,0%,52
pantalla negro,0,1,0%,53
sarı ekran,0,1,0%,53
tela branca com,0,1,0%,53
check for dead pixels on monitor,0,1,0%,54
how to take white background photos,0,1,0%,54
pantalla naranja,0,1,0%,55
pantalla negra completa,0,1,0%,56
tela roxa,0,1,0%,56
kolor ekranu,0,1,0%,59
white screen online,0,1,0%,59
black screem,0,1,0%,60
black 화면,0,1,0%,62
screen dead pixel test,0,1,0%,66
white screen,0,1,0%,69
shermo nero,0,1,0%,76
white screen$,0,1,0%,76
白い 画面,0,1,0%,77
czarny ekran,0,1,0%,80
cracked screen website,0,1,0%,83
balck screen,0,1,0%,85
whole screen black,0,1,0%,87
blacl screen,0,1,0%,99